{"cameraMode":{"drawMode":0,"name":"Shaded","section":"Shading Mode"},"sceneLighting":false,"audioPlay":false,"sceneViewState":{"m_AlwaysRefresh":false,"showFog":false,"showSkybox":false,"showFlares":false,"showImageEffects":false,"showParticleSystems":false,"showVisualEffectGraphs":true,"m_FxEnabled":true},"in2DMode":false,"pivot":{"x":-0.03464421629905701,"y":1.036942720413208,"z":0.09436655044555664},"rotation":{"x":0.04180750250816345,"y":0.958368182182312,"z":-0.2030506581068039,"w":0.19669361412525178},"size":1.8797976970672608,"orthographic":false}