{"cameraMode":{"drawMode":0,"name":"Shaded","section":"Shading Mode"},"sceneLighting":true,"audioPlay":false,"sceneViewState":{"m_AlwaysRefresh":false,"showFog":true,"showSkybox":true,"showFlares":true,"showImageEffects":true,"showParticleSystems":true,"showVisualEffectGraphs":true,"m_FxEnabled":true},"in2DMode":false,"pivot":{"x":0.29720020294189455,"y":-4.910530090332031,"z":-0.8068661093711853},"rotation":{"x":0.31283149123191836,"y":-0.6360101103782654,"z":0.3152768909931183,"w":0.6310815811157227},"size":11.925186157226563,"orthographic":false}