{"cameraMode":{"drawMode":0,"name":"Shaded","section":"Shading Mode"},"sceneLighting":false,"audioPlay":false,"sceneViewState":{"m_AlwaysRefresh":false,"showFog":true,"showSkybox":false,"showFlares":true,"showImageEffects":true,"showParticleSystems":true,"showVisualEffectGraphs":true,"m_FxEnabled":true},"in2DMode":false,"pivot":{"x":0.07377198338508606,"y":-0.018462449312210084,"z":0.6585069894790649},"rotation":{"x":0.12892332673072816,"y":-0.27005186676979067,"z":0.03651200607419014,"w":0.9534782767295837},"size":1.0284889936447144,"orthographic":false}