{"cameraMode":{"drawMode":0,"name":"Shaded","section":"Shading Mode"},"sceneLighting":false,"audioPlay":false,"sceneViewState":{"m_AlwaysRefresh":false,"showFog":true,"showSkybox":false,"showFlares":true,"showImageEffects":true,"showParticleSystems":true,"showVisualEffectGraphs":true,"m_FxEnabled":true},"in2DMode":false,"pivot":{"x":0.05690975487232208,"y":0.637108325958252,"z":0.6872333884239197},"rotation":{"x":-0.21002613008022309,"y":-0.7501929998397827,"z":0.2807796001434326,"w":-0.5607983469963074},"size":1.5756675004959107,"orthographic":false}