{"cameraMode":{"drawMode":0,"name":"Shaded","section":"Shading Mode"},"sceneLighting":false,"audioPlay":false,"sceneViewState":{"m_AlwaysRefresh":false,"showFog":false,"showSkybox":false,"showFlares":false,"showImageEffects":false,"showParticleSystems":false,"showVisualEffectGraphs":true,"m_FxEnabled":true},"in2DMode":false,"pivot":{"x":0.00011897087097167969,"y":1.0437514781951905,"z":-0.013154253363609314},"rotation":{"x":0.1400470733642578,"y":-0.21587270498275758,"z":0.03130227327346802,"w":0.9658183455467224},"size":0.8660253882408142,"orthographic":false}