{"cameraMode":{"drawMode":0,"name":"Shaded","section":"Shading Mode"},"sceneLighting":false,"audioPlay":false,"sceneViewState":{"m_AlwaysRefresh":false,"showFog":true,"showSkybox":false,"showFlares":true,"showImageEffects":true,"showParticleSystems":true,"showVisualEffectGraphs":true,"m_FxEnabled":true},"in2DMode":false,"pivot":{"x":-0.46445298194885256,"y":0.07249361276626587,"z":-0.0016550570726394654},"rotation":{"x":-0.21002613008022309,"y":-0.7501929998397827,"z":0.2807796001434326,"w":-0.5607983469963074},"size":1.2286481857299805,"orthographic":false}